{"cx": 0.9188693098384728, "cy": 0.1606699751861042, "r": 0.07878411910669975, "ts": 1775873642.2501025}